TOKI,TLI
MSP-3000K-S-200,MSP-3000-S-200
MSP-4000K-S-30,MSP-4000-S-30
GRHB-LED-80-2700K,GRHB-2700
TDP-1254,TDP-1254_2
MOS-KIT,IGNORE_ME
MOS-2700-15D-B,MOS-2700-15
MOS-2700-30D-B,MOS-2700-30
MOS-3000-15D-B,MOS-3000-15
MOS-3000-30D-B,MOS-3000-30
MOS-4000-15D-B,MOS-4000-15
MOS-4000-30D-B,MOS-4000-30
MOS-2700HC-15D-B,MOS-2700-15-HC
MOS-2700HC-30D-B,MOS-2700-30-HC
MOS-3000HC-15D-B,MOS-3000-15-HC
MOS-3000HC-30D-B,MOS-3000-30-HC
MOS-4000HC-15D-B,MOS-4000-15-HC
MOS-4000HC-30D-B,MOS-4000-30-HC
CUSTOM,IGNORE_ME
KLED-SF,KLED-IW-SF
MFL24-2400-BK,MFL24-2400-B
MFL24-3000-WH,MFL24-3000-W
MFL24-2400-WH,MFL24-2400-W
MTK-4000-S-GC,MTK-4000-S
RW-50-2700K-W,IGNORE_ME
OBS01-HC35K-24D-B,IGNORE_ME
AVXF5-2700K,AVXF-2700K
AVXF5-3000K,AVXF-3000K
EX-VI-27K,EX-VI-2700K
EX-SPH-FR（2800,EX-SPH-FR
EXSS-PM-CVR,IGNORE_ME
RM10L-6B,EXSS-CP-CG
EX-VI-50K,EX-VI-5000K
Aluminum,IGNORE_ME
Stainless,IGNORE_ME
OSP01-30K-30D-B,IGNORE_ME
TLXWG-2700K-SP-Ra90,TLX-WG-2700K-SP
MSP-HC30K-S-150,MSP-3000-S-150
MSP-HC30K-S-250,MSP-3000-S-250
KLED-SF-WW,KLED-WW-SF
MTK-4000-B-GC,MTK-4000-B
MLC-2700K-W,MLC-2700-W
MSP-2700K-B-150,MSP-2700-B-150
MSP-2700K-B-250,MSP-2700-B-250
MSP-2700K-B-30,MSP-2700-B-30
MSP-2700K-S-30,MSP-2700-S-30
EX-G14-CL（5600,EX-G14-CL
EX-SPH-CL（2800,EX-SPH-CL
LVM2-3000K,LVM-3000K
MSP-3000K-B-381,IGNORE_ME
GRHB,IGNORE_ME
AVLED-2400K,AVLED-WW
CMMDL-2700-BR,IGNORE_ME
KSG-GL-VI,KSG-GL-VI-C
AV-CLAMP,AV-CL
AV-CNTCT,AV-CONTACT
AV-LWSKT-BK,AV-BASE-BK
AV-LWSKT-SN,AV-BASE-SNAP
AV-LWSKT-WH,AV-BASE-WH
AV-UPSKT-BK,AV-TOWER-BK
AV-UPSKT-WH,AV-TOWER-WH
AVLED-3000K,AVLED-IW
AVLED2-WW,AVLED-WW
AVXF-2400K,AVXF-WW
AVXF-3000K,AVXF-IW
AVXF-MC-2.5M,AVXF-MC
AVXF2-2400K,AVXF-WW
AVXF3-2000K,AVXF-2000K
AVXF3-2400K,AVXF-2400K
AVXF3-2700K,AVXF-2700K
AVXF3-3000K,AVXF-3000K
AVXF3-3500K,AVXF-3500K
AVXF3-4000K,AVXF-4000K
CR-ED,CR-EC
CT-ED,CT-EC
CTO-MC,CTO-CP
Dimmer,IGNORE_ME
EC-SLBK,FLBK
EC-SLGR,FLGR
EC-SLWG,FLWG
ED,EC-D
ED-BK,ECD-BK
ED-CL,ECD-CL
ED-F,EC-FL
ED-RC,RC-EC
ED-TX-WH,EC-W
ED-WH,ECD-WH
EDM,EC-M
EL,EC-L
EL-3,ECW-L
EL-BK,ECL-BK
EL-CL,ECL-CL
EL-WH,ECL-WH
ELM,ECM-L
EX-2500K,EX-WW
EX-CNT-VF,EX-CNT
EX-LED-BL,EX-BL
EX-LED-GR,EX-GR
EX-LED-LC,TRI-LNS
EX-LED-LM,EX-YG
EX-LED-LV,EX-PL
EX-LED-RD,EX-RD
EX-LED-WH,EX-WH
EX-MDISK-BK,EX-MD-BK
EX-MDISK-WH,EX-MD-WH
EX-S-TYPE GLOBE-BL,EX-S-BL
EX-S-TYPE GLOBE-CL,EX-S-CL
EX-S-TYPE GLOBE-GN,EX-S-GR
EX-S-TYPE GLOBE-OR,EX-S-AM
EX-S-TYPE GLOBE-RD,EX-S-RD
EX-S-TYPE GLOBE-VL,EX-S-VL
EX-S-TYPE GLOBE-WH,EX-S-FR
EX-S14-CL（4704,EX-S14-CL
EX-S14-FR（4704,EX-S14-FR
EX-S14-TYPE GLOBE-CL,EX-S14-CL
EX-S14-TYPE GLOBE-WH,EX-S14-FR
EX-SCR-BK,EX-SCREW
EX-SPH-A,EX-SPH-AM
EX-SPH-B,EX-SPH-BL
EX-SPH-C,EX-SPH-CL
EX-SPH-G,EX-SPH-GR
EX-SPH-R,EX-SPH-RD
EX-SPH-V,EX-SPH-VL
EX-SPH-W,EX-SPH-FR
EX-STRAP-BK,EX-MS-BK
EX-STRAP-WH,EX-MS-WH
EX-UB-3000K,EX-UB-IW
EX-UB-30K,EX-UB-IW
EX-USK-VF-BK,EX-USK-BK
EX-USK-VF-WH,EX-USK-WH
EX-USK-VI-WH,EX-USK-WH
EX-VI-3000K,EX-VI-IW
EX-VI-30K,EX-VI-IW
EX-WRA-BK,EX-MDA-BK
EX-WRA-WH,EX-MDA-WH
EXSS-L1500,EX-PEND
Freight,IGNORE_ME
FS01-3000K-03D-B,FSP-3000K-03D-B
FS01-3000K-03D-L-B,FLN-3000K-03D-B
FS01-4000K-03D-B,FSP-4000K-03D-B
FS01-5000K-03D-B,FSP-5000K-03D-B
FS01-5000K-03D-L-B,FLN-5000K-03D-B
FSM01-3000K-03D-B,FSM-3000K-03D-B
FSM01-3000K-03D-W,FSM-3000K-03D-W
FSM01-5000K-03D-B,FSM-5000K-03D-B
FSM01-5000K-03D-W,FSM-5000K-03D-W
GRHB-100-CVR,GRHB-100
GRHB-60-CVR,GRHB-60
GRHB-75-CVR,GRHB-75
GRHB-ADJB,GRHB-AB
GRHB-FIXB,GRHB-FB
GRHB-LED-80-2200K,GRHB-2200
GRHB-LED-80-3000K,GRHB-3000
GRHB-LED-80-4000K,GRHB-4000
GRHB-LNS-CVR,GRHB-LC
GRHB/ILS-LED-220-2200K,GRHB-2200-L
GRHB/ILS-LED-220-2700K,GRHB-2700-L
GRHB/ILS-LED-220-4000K,GRHB-4000-L
GROX2-L1200-2700K-15D,GRX-2700-15D-1200
GROX2-L1200-3000K-15D,GRX-3000-15D-1200
GROX2-L1200-4000K-15D,GRX-4000-15D-1200
GROX2-L300-2700K-15D,GRX-2700-15D-300
GROX2-L300-3000K-15D,GRX-3000-15D-300
GROX2-L300-4000K-15D,GRX-4000-15D-300
GROX2-L600-2700K-15D,GRX-2700-15D-600
GROX2-L600-3000K-15D,GRX-3000-15D-600
GROX2-L600-4000K-15D,GRX-4000-15D-600
HB-102,CL-102
HB-201,CL-201
HB-202,CL-202
HB-203,CL-203
HB-AM-25,CLED-AM
HB-BL-25,CLED-BL
HB-GR-25,CLED-GR
HB-RD-25,CLED-RD
IRON M1.6-2.5-TCB,MFL-CV-SCR
KE-4897W,TLN-SILICONE
KLED-CF,KLED-IW-CF
KLED-CF-3000K,KLED-IW-CF
KLED-CF-WW,KLED-WW-CF
KLED-FF,KLED-IW-FF
KLED-FF-3000K,KLED-IW-FF
KLED-FF-6500K,KLED-WH-FF
KLED-SF-2400K,KLED-WW-SF
KLED-SF-3000K,KLED-IW-SF
KLED-SF-6500K,KLED-WH-SF
KLED-WW-SCF,KLED-WW-CF
KS-ED,KSG-ED
KS-LR,KSG-LR
KS-LR-SCR,KSG-LR-SCR
KS-MDW-BK,KS-MDA-BK
KS-SEAL-MOD,KSG-SEAL-MOD
KS-STP-BK,KS-MS-BK
KSG-CABLE-BK,KSG-CABLE
KSG-GL-UB,KSG-GL-UB-F
KSG-MD-BK,KSG-MD
KSG-MDA-BK,KSG-MDA
KSG-MS-BK,KSG-MS
KSG-PM-BK,KSG-PM
KSGL-G60F,KS-G19-FR
KSW01-L1200-RGBW-20D,KSW-L1200-RGBW-20D
KSW01-L300-RGBW-20D,KSW-L300-RGBW-20D
KSW01-L600-RGBW-20D,KSW-L600-RGBW-20D
KSW01-L900-RGBW-20D,KSW-L900-RGBW-20D
KSW02-L1200-RGBW-20D,KSW-L1200-RGBW-20D
KSW02-L300-RGBW-20D,KSW-L300-RGBW-20D
KSW02-L600-RGBW-20D,KSW-L600-RGBW-20D
KSW02-L900-RGBW-20D,KSW-L900-RGBW-20D
LC-KS-MIX2,LC-KSG-MIX
LC-SDMR,LC-DMR-EZ
LDRCC-40-Diode,CC-40-DIODE
LDRCC-40-DIODE,CC-40-DIODE
Lighting,IGNORE_ME
LL-MGBKT,TLN-CP-MG
LPS-DM-350-6CH,LPSDM-350-6CH
LS-015-WH,LSW-15
LS-030-BR,LSB-30
LS-030-CL,LSC-30
LS-030-WH,LSW-30
LS-050-BR,LSB-50
LS-050-CL,LSC-50
LS-050-WH,LSW-50
LS-080-BR,LSB-80
LS-080-CL,LSC-80
LS-080-WH,LSW-80
LS-100-BR,LSB-100
LS-100-CL,LSC-100
LS-100-WH,LSW-100
LS-150-BR,LSB-150
LS-150-CL,LSC-150
LS-150-WH,LSW-150
LS-300-BR,LSB-300
LS-300-CL,LSC-300
LS-300-WH,LSW-300
LTPFST-BK,PF-B
LTPFST-GD,PF-G
LTPFST-SV,PF-S
LUM-100-2200K,LUM-100-2200
LUM-305-IW,LUM-310-IW
LUM-50-IW-FROSTED,LUM-50-IW-F
LUMCLH-200-2500K,LUM-200-CSTM
LUMF-100-3000K,LUM-100-3000
LUMF-100-4500K,LUM-100-4500
LUMF-150-3000K,LUM-150-3000
LUMF-150-4500K,LUM-150-4500
LUMF-50-3000K,LUM-50-3000
LUMF-50-4500K,LUM-50-4500
LUMF4-50-3000K,LUM-50-3000
LUNH,IGNORE_ME
LV-CON-0.5,LV-CON
MC-EDD,MC-EC
MC-ELL,MC-ECL
MIN-LC-B,MLC-LC-B
MLC-2700K-B,MLC-2700-B
MLC-3000K-B,MLC-3000-B
MLC-3000K-W,MLC-3000-W
MLC-4000K-B,MLC-4000-B
MLC-4000K-W,MLC-4000-W
MLC-5000K-B,MLC-5000-B
MLC-CH-WH,MLC-CH-W
MLC-ED-SCR,MLC-EC-SCR
MPD-CON-0.2M,MPD-CON
MPD-EXT-10m,IGNORE_ME
MPD-EXT-5m,IGNORE_ME
MPD02-27K-16D-B,MPD-2700K-16D-B
MPD02-27K-16D-W,MPD-2700K-16D-W
MPD02-27K-24D-B,MPD-2700K-24D-B
MPD02-27K-24D-W,MPD-2700K-24D-W
MPD02-30K-16D-B,MPD-3000K-16D-B
MPD02-30K-16D-W,MPD-3000K-16D-W
MPD02-30K-24D-B,MPD-3000K-24D-B
MPD02-30K-24D-W,MPD-3000K-24D-W
MRL01-27K-16D-B,MPL-2700K-16D-B
MRL01-27K-24D-B,MPL-2700K-24D-B
MRL01-30K-16D-B,MPL-3000K-16D-B
MRL01-30K-24D-B,MPL-3000K-24D-B
MS-CV-S ,MS-CV-S
MS04-2700-S-350,MSP-2700-S-350
MS04-3000-B-150,MSP-3000-B-150
MS04-3000-B-200,MSP-3000-B-200
MS04-3000-B-250,MSP-3000-B-250
MS04-3000-B-80,MSP-3000-B-80
MS04-3000-S-150,MSP-3000-S-150
MS04-3000-S-2,MSP-3000-S-2
MS04-3000-S-200,MSP-3000-S-200
MS04-3000-S-250,MSP-3000-S-250
MS04-3000-S-30,MSP-3000-S-30
MS04-3000-S-350,MSP-3000-S-350
MS04-3000-S-53,MSP-3000-S-53
MS04-3000K-16D-S-35MM,MSP-3000K-16D-S-35M
MS04-4000-S-350,MSP-4000-S-350
MS04-5000-S-350,MSP-5000-S-350
MS04-6000-S-150,MSP-6000-B-150
MS04-6000-S-150,MSP-6000-S-150
MS04-6000-S-250,MSP-6000-S-250
MS04-6000-S-30,MSP-6000-S-30
MS05-2700-B-150,MSP-2700-B-150
MS05-2700-B-250,MSP-2700-B-250
MS05-2700-B-30,MSP-2700-B-30
MS05-2700-B-350,MSP-2700-B-350
MS05-2700-S-150,MSP-2700-S-150
MS05-2700-S-250,MSP-2700-S-250
MS05-2700-S-30,MSP-2700-S-30
MS05-3000-B-30,MSP-3000-B-30
MS05-3000-B-350,MSP-3000-B-350
MS05-4000-B-150,MSP-4000-B-150
MS05-4000-B-250,MSP-4000-B-250
MS05-4000-B-30,MSP-4000-B-30
MS05-4000-B-350,MSP-4000-B-350
MS05-4000-S-150,MSP-4000-S-150
MS05-4000-S-250,MSP-4000-S-250
MS05-4000-S-30,MSP-4000-S-30
MS05-5000-B-150,MSP-5000-B-150
MS05-5000-B-250,MSP-5000-B-250
MS05-5000-B-30,MSP-5000-B-30
MS05-5000-B-350,MSP-5000-B-350
MS05-5000-S-150,MSP-5000-S-150
MS05-5000-S-250,MSP-5000-S-250
MS05-5000-S-30,MSP-5000-S-30
MS05-5000-S-300,MSP-5000-S-300
MS05-5000-S-400,MSP-5000-S-400
MSP-2700K-S-150,MSP-2700-S-150
MSP-2700K-S-250,MSP-2700-S-250
MSP-3000K-B-150,MSP-3000-B-150
MSP-3000K-B-250,MSP-3000-B-250
MSP-3000K-B-30,MSP-3000-B-30
MSP-3000K-B-350,MSP-3000-B-350
MSP-3000K-S-150,MSP-3000-S-150
MSP-3000K-S-250,MSP-3000-S-250
MSP-3000K-S-30,MSP-3000-S-30
MSP-3000K-S-350,MSP-3000-S-350
MSP-3000K-S-61,MSP-3000-S-61
MSP-4000K-B-150,MSP-4000-B-150
MSP-4000K-B-250,MSP-4000-B-250
MSP-4000K-B-30,MSP-4000-B-30
MSP-4000K-B-350,MSP-4000-B-350
MSP-4000K-S-150,MSP-4000-S-150
MSP-4000K-S-250,MSP-4000-S-250
MSP-4000K-S-350,MSP-4000-S-350
MSP-4000K-S-61,MSP-4000-S-61
MTK-2700-B-GC,MTK-2700-B
MTK-3000-B-GC,MTK-3000-B
MTK-CON,MTK-CONN
MUP02-27K-16D-B,MUP-2700K-16D-B
MUP02-27K-16D-B-GC,MUP-2700K-16D-B-GC
MUP02-27K-16D-S,MUP-2700K-16D-S
MUP02-27K-16D-S-GC,MUP-2700K-16D-S-GC
MUP02-27K-24D-B,MUP-2700K-24D-B
MUP02-27K-24D-B-GC,MUP-2700K-24D-B-GC
MUP02-27K-24D-S,MUP-2700K-24D-S
MUP02-27K-24D-S-GC,MUP-2700K-24D-S-GC
MUP02-30K-16D-B,MUP-3000K-16D-B
MUP02-30K-16D-B-GC,MUP-3000K-16D-B-GC
MUP02-30K-16D-S,MUP-3000K-16D-S
MUP02-30K-16D-S-GC,MUP-3000K-16D-S-GC
MUP02-30K-24D-B,MUP-3000K-24D-B
MUP02-30K-24D-B-GC,MUP-3000K-24D-B-GC
MUP02-30K-24D-S,MUP-3000K-24D-S
MUP02-30K-24D-S-GC,MUP-3000K-24D-S-GC
MUP02-35K-16D-B,MUP-3500K-16D-B
MUP02-35K-16D-B-GC,MUP-3500K-16D-B-GC
MUP02-35K-16D-S,MUP-3500K-16D-S
MUP02-35K-16D-S-GC,MUP-3500K-16D-S-GC
MUP02-35K-24D-B,MUP-3500K-24D-B
MUP02-35K-24D-B-GC,MUP-3500K-24D-B-GC
MUP02-35K-24D-S,MUP-3500K-24D-S
MUP02-35K-24D-S-GC,MUP-3500K-24D-S-GC
MUP02-40K-16D-B,MUP-4000K-16D-B
MUP02-40K-16D-B-GC,MUP-4000K-16D-B-GC
MUP02-40K-16D-S,MUP-4000K-16D-S
MUP02-40K-16D-S-GC,MUP-4000K-16D-S-GC
MUP02-40K-24D-B,MUP-4000K-24D-B
MUP02-40K-24D-B-GC,MUP-4000K-24D-B-GC
MUP02-40K-24D-S,MUP-4000K-24D-S
MUP02-40K-24D-S-GC,MUP-4000K-24D-S-GC
NBRRVO-RING,RV-ORING
NH-100-WH,CL-100
NH-150-WH,CL-150
NH-30-WH,CL-30
NH-30-WH,CL-38
NH-300-WH,CL-300
NH-50-WH,CL-50
NH-60-WH,CL-60
NH-80-WH,CL-80
NO. 7090 W=10MM,TLN-DSTAPE
OLS-2700-15D-1,OL270015-1
OLS-2700-15D-3,OL270015-3
OLS-3000-15D-1,OL300015-1
OLS-3000-15D-3,OL300015-3
OLS-4000-15D-1,OL400015-1
OLS-4000-15D-3,OL400015-3
OLS-CON-2M,OL-CON-2M
OLS-EC,OL-EC
OLS-EXT-10M,OL-EXT-10M
OLS-EXT-1M,OL-EXT-1M
OLS-EXT-5M,OL-EXT-5M
OSP-DS,IGNORE_ME
OSP-TB,IGNORE_ME
OSP-TCON,IGNORE_ME
OSP01-27K-30D-B-LP-SPI,IGNORE_ME
OSP01-30K-15D-B,IGNORE_ME
OSP01-40K-30D-B,IGNORE_ME
PC-101A,SL-A
PC-101B,SL-B
PC-101G,SL-G
PC-101R,SL-R
PC-101W,SL-W
Plastic,IGNORE_ME
RS-GC,SN-BK
RS-GC2,RS-GC
RV2-BL-SP,RV-BL-SP
RV-CH-EP-SV,RVC-EC-G1
RV-F-MB,RV-FB
RV-LVR-2.4M,RV-LVR-BK-2.4M
RV-LVR-EP,RVCL-EC-BK
RV-LVR-EP-SV,RVCL-EC
RV-USKT,RV-USKT-WH
RV2-2400-120D,RV-2400-120D
RV2-2400-SP,RV-2400-SP
RV2-2700-SP,RV-2700-SP
RV2-3000-120D,RV-3000-120D
RV2-3000-SP,RV-3000-SP
RV2-BL-120D,RV-BL-120D
RV2-RD-120D,RV-RD-120D
RVM-2200K-SP,RV-2200-SP
RVM-2400K-120D,RV-2400-120D
RVM-2400K-SP,RV-2400-SP
RVM-2700K-120D,RV-2700-120D
RVM-2700K-SP-WH,RV-2700-SP-WH
RVM-3000K-120,RV-3000-120D
RVM-3000K-SP,RV-3000-SP
RVM-3500K-120,RV-3500-120D
RVM-4200K-120,RV-4200-120D
RVM-4200K-120-WH,RV-4200-120D-WH
RVM-4200K-SP,RV-4200-SP
RVM-5500K-120D,RV-5500-120D
RVM-5500K-SP,RV-5500-SP
RVM-BL-SP,RV-BL-SP
RVM-RD-SP,RV-RD-SP
RW-3000K-120,RW-3000-120D
SBR85-41,GRX-CP
SDIM-MT,LC-DMR-SVK
SDIM-PT,LC-DMR-BKK
SE9189CLWH,EX-SILICONE
SL-POINTER-BK,SL-MB-BK
SL-POINTER-WG,SL-MB-WG
SL-RNR-BK,SL-LK
SLBK,FLBK
SLBK-100/48/LL,SLBK-8-102-48L
SLBK-100/78,SLBK-4-102
SLBK-100/90,SLBK-4-101
SLBK-200/60,SLBK-8-102
SLBK-200/72,SLBK-8-101
SLBK-200/90,SLBK-8-90L
SLBK-310/48,SLBK-12-102
SLBK-310/72,SLBK-12-101
SLGR-100/78,SLGR-4-102
SLGR-100/90,SLGR-4-101
SLGR-200/60,SLGR-8-102
SLGR-200/72,SLGR-8-101
SLGR-200/75,SLGR-8-75
SLGR-200/90,SLGR-8-90L
SLGR-310/30,SLGR-12-30L
SLGR-310/48,SLGR-12-102
SLGR-310/72,SLGR-12-101
SLWG-100/78,SLWG-4-102
SLWG-100/90,SLWG-4-101
SLWG-150/72,SLWG-6-101
SLWG-200/60,SLWG-8-102
SLWG-200/72,SLWG-8-101
SLWG-200/90,SLWG-8-90L
SLWG-310/48,SLWG-12-102
SLWG-310/72,SLWG-12-101
ST-SEAL,RV-SEALANT
SUSM3-12S-NC,RV-SCREW
SUSXM7-M2.6-5,KS-SCREW
SW-DM1-B2,LC-PWM-SD
TB-AM-A2-EP/Z,TLED-AM
TB-AM-P4-CO,PLED-AM
TB-BL-A2-EP/Z,TLED-BL
TB-BL-P4-NI,PLED-BL
TB-GR-A2-EP/Z,TLED-GR
TB-GR-P4-NI,PLED-GR
TB-IW-P4-NI,PLED-IW
TB-PK-T1,TLED-MG
TB-PL-T1,TLED-PL
TB-RD-A2-EP/Z,TLED-RD
TB-RD-P4-CO,PLED-RD
TB-WH-P4-NI,PLED-WH
TD-EC-BK,EC-BK
TDP-0267,RV-USKT
TDP-0269,RV-CONTACT
TDP-0274,RV-LSKT
TDP-0356,RV-CH-BK-2.4M
TDP-0364,RVC-EC-BK
TDP-0371,RV-EC-BK
TDP-0764-R,TLX-WG-LVR-R
TDP-0771,GRHB-60
TDP-0772,GRHB-75
TDP-0773,GRHB-100
TDP-0775,GRHB-BASE
TDP-0776,GRHB-LC
TDP-0787,GRHB-GLVR
TDP-0789,GRHB-PLVR
TDP-0791_2,OPT-75
TDP-0792_3,OPT-115
TDP-0793_7,OPT-CC
TDP-0796_2,OPT-SH
TDP-0817,TLN-CVR-DF
TDP-0819,TLN-CVR-CL
TDP-0820,TLN-BASE
TDP-0821,TLN-CP
TDP-0822,TLN-ED-DF
TDP-0824,TLN-ED-CL
TDP-0856_1,OPT-LSKT
TDP-0857_2,OPT-USKT
TDP-0858_2,OPT-MB
TDP-0986,GRX-Y-CON
TDP-0987,GRX-EXT-1M
TDP-0988,GRX-CON
TDP-0991,GRX-EC
TDP-1008,GRX-EXT-3M
TDP-1020_2,FSM-LNS-CL
TDP-1115,ILS-COVER
TDP-1116,ILS-EC
TDP-1117,ILS-BASE
TDP-1118,ILS-FB
TDP-1177-BK,GRHB-EC
TDP-1213-BK,MFL-CV-BK
TDP-1213-SV,MFL-CV-SV
TDP-1213-WH,MFL-CV-WH
TDP-1217-2,MFL-INCVR
TDP-1245,MFL-HC-LNS
TDP-1271,KS-CONTACT
TDP-1275_3,KS-SEAL-MOD
TDP-1279,KS-LR
TDP-1280,KS-LSKT
TDP-1281_3,KS-USKT
TDP-1284_3,KS-EXCH-ADP
TDP-1336_3,KS-ED
TDP-1341-BK,KS-MC-2.4M-BK
TDP-1354,KS-GS-ADP
TDP-1355,KS-GS-P
TDP-1357,KS-GS-UP
TDP-1358,KS-GS-LW
TDR-ED-PG,EC-PG
TDR-ED-SC,EC-SC
TL-100,TLP-100
TL-150,TLP-150
TL-30,TLP-30
TL-300,TLP-300
TL-50,TLP-50
TL-80,TLP-80
TLED-CW-A2-EP/Z,TLED-WW
TLED-CW-T2,TLED-WW-HB
TLED-IWHB,TLED-IW-HB
TLED-LWHB,TLED-LW-HB
TLED-LWUB,TLED-LW-UB
TLED-WH-A2-EP/Z,TLED-WH
TLED-WH-ST,KLED-WH-ST
TLED-WHHB,TLED-WH-HB
TLED-WWHB,TLED-WW-HB
TLP-CN,TK-CN
TLUM-75-BL,LUM-75-BL
TLUM-75-IW,LUM-75-IW
TLUM-75-RD,LUM-75-RD
TLW2-100,TLW-100
TLW2-150,TLW-150
TLW2-30,TLW-30
TLW2-50,TLW-50
TLX-CLB,TLX-CLB-OLD
TLX-CON-WG3,TLX-CON-WG2
TLX-CP-BK,TLX-CP-WG
TLX-ED-WG2,TLX-ED-WG
TLX-ED-WH2,TLX-ED
TLX-ED-WH3,TLX-ED
TLX2-2000K,TLX-2000K
TLX2-2400K,TLX-2400K
TLX2-2700K,TLX-2700K
TLX2-3000K,TLX-3000K
TLX2-3000K-BK,TLX-3000K-BK
TLX2-4500K,TLX-4500K
TLXBK--LC-WHB,TLX-LC2-BK
TLXBK-ED,TLX-ED-BK
TLXBK-RC,TLX-RC-BK
TLXBK-TK,TLX-TK-BK
TLXCL-RGB,TLX-CLB
TLXWG-2400K-SP,TLX-WG-2400K-SP
TLXWG-2700K-SP,TLX-WG-2700K-SP
TLXWG-3000K-SP,TLX-WG-3000K-SP
TLXWG-5700K-SP,TLX-WG-5700K-SP
TLXWG-PLVR,TLX-WG-LVR
TM-100,TLM-100
TM-30,TLM-30
TM-50,TLM-50
TP-02/100,TP-02
TP-REF,TP-RF
TRI CABLE,TRI-LEAD
TRI-76.2-RGB,TRI-80-RGB
TRI-CP,TRI-MC
TRI-CTR,RGB-CTR
TRI-FT,TRI-PF
TRI-MT-2.5M,TRI-MT
TRI-MT-2.6M,TRI-MT
TRI-MT-RD-2.6M,TRI-MT-RD
TRIF-050-RGB,TRI2-50-RGB
TRIF-ED,TRI2-ED
TRIF2-50-RGB,TRI2-50-RGB
TS-301,FL-200
TS-302-M,FL-400
TS-303,FL-300
TSP-0173-S-2500K,TLN-2500K
TSP-0173-S-2700K,TLN-2700K
TSP-0173-S-3000K,TLN-3000K
TSP-0173-S-4000K,TLN-4000K
TSP-0173-S-5000K,TLN-5000K
TSP-0203-S,TLN-RGB
TW WIRE,TLW WIRE
TW-25/32,TLW-25
TW-300,TLW-300
TW2-80,TLW-80
TWK-0126,GRHB-HLVR
TWK-0163-080-2700K,GRHB-2700
TWK-0163-080-3000K,GRHB-3000
TWK-0163-080-4000K,GRHB-4000
TWK-0163-220-2700K,GRHB-2700-L
TWK-0163-220-3000K,GRHB-3000-L
TWK-0163-220-4000K,GRHB-4000-L
TWK-0205,KS-RGB
TWK-0239,LC-KSW-DC
UC-101A,TC-101A
UC-101B,TC-101B
UC-101C,TC-101C
UC-101G,TC-101G
UC-101R,TC-101R
UL1007-AWG20-WH-32MM,TLN-JW
WB-112,EX-112
WB-501,EX-124
WB-511,EX-212
WE1010,WFT-32
WIRE FOR RGB,TRI-LEAD
XB-3,XB-3F
XB-5,XB-5F
XB-5F1,AV-201
XB-8,XB-8F